Pre5,Pre10,Rec5,Rec10,AUC5,AUC10,MAP5,MAP10,NDCG5,NDCG10,MRR5,MRR10,
0.019735,0.018988,0.090040,0.175777,0.544481,0.577812,0.040544,0.052052,0.053764,0.081856,0.044748,0.056729,
0.019374,0.020746,0.088611,0.193303,0.542612,0.583042,0.034652,0.047993,0.048678,0.082327,0.037769,0.051923,
0.020904,0.021052,0.094257,0.196125,0.546941,0.585640,0.047801,0.061411,0.060347,0.093491,0.051190,0.065040,
0.020397,0.020448,0.097737,0.195354,0.545641,0.582413,0.040353,0.052537,0.054803,0.085831,0.041779,0.054472,
0.021525,0.021403,0.100145,0.198633,0.548476,0.586686,0.042149,0.054554,0.057313,0.088936,0.045745,0.059020,
0.023716,0.021770,0.108162,0.197586,0.554396,0.589284,0.054777,0.066323,0.069569,0.098618,0.061209,0.073494,
0.007518,0.003759,0.018795,0.034961,0.034961,0.034961,0.518353,0.518353,0.518353,0.026730,0.026730,0.026730,0.029397,0.029397,0.029397,0.028858,0.028858,0.028858,
0.008210,0.004105,0.020524,0.038778,0.038778,0.038778,0.520066,0.520066,0.520066,0.029491,0.029491,0.029491,0.032399,0.032399,0.032399,0.031534,0.031534,0.031534,
0.020333,0.020772,0.092649,0.188456,0.546033,0.583797,0.043611,0.055830,0.056735,0.087786,0.047512,0.060775,
